AARON	RON,RONNIE
ABIGAIL	ABBY,ABIGAIL,ABIGEAL,NABBY,ABAGAIL,ABEL,ABBEY,ABIGAL
ABRAHAM	ABRAHAME,AB,ABR,ABE,ABBY
ADELA	DELL,DELLA,DELLY
ADELAIDE	DELL,DELLA,DELLY
ADELE	DELIA
ADELIA	DELIA
AGNES	AGNUS,AGGIE,ASSIE
AIDAN	AODH,MOGUE,MOSES,EDANUS
ALBERT	BERT,ALBIE,BERTIE,ALBERTUS,ALBERTI
ALBERTA	BIRD,BIRDIE
ALBERTINE	BIRD,BIRDIE
ALEXANDER	ALES,ALEXR,ALEC,ALEX
ALICE	ALICIA,ALICA,ALLY
ALOYSIUS	ALOYISIUS,ALOYSUIS
AMELIA	MILLIE,MILLY
ANABELLE	BELL,BELLA,BELLE
ANASTATIA	ANASTASIA,ANTY,ANT,ANSTICE,STASIA,STATIA,ANSTY
ANDREW	ANDY,DREW,ANDREAS,ANDW
ANGELINA	LENA
ANNE	ANN,ANNA,ANA,NANCY,NANCE,NANNO,NANO,NANNIE,NAN,HANNAH,HANNA,HANA,HANAH
ANTHONY	TONY,ANTONY,ANTON,ANTONIUS,ANTONIOUS,ANTO
ARABELLE	BELL,BELLA,BELLE
ARCHIBALD	ARCHY,ARCHIBOLD,ARCHIE,ARCHD
ARTHUR	ART,ARTY
AUDREY	DEE
AUGUSTUS	GUS,GUSSY
AUGUSTINE	GUS,GUSSY
BARBARA	BAB
BARTHOLOMEW	BART,BARTLY,BAT,BARTH,BATTY,BARTLE,BARTHOLMEW,BARTHOLEMEW,BARTHW
BELINDA	BELL,BELLA,BELLE
BENJAMIN	BEN,BENNY,BENJI,BENJY
BERNARD	BERN,BERNY,BARNABY,BERNARDUS,BERNARDI,BERNARDO,BERD,BERND,BER,BER’D
BERTHA	BOOTS
BRENDAN	BREN,BENNY
BRIAN	BRYAN
BRIDGET	BRIGID,BRIGIT,BIDDY,BRIDIE,BRGD,BRIGT,BGT,BREEGE,BRIGETTE,BRIDGIE,BRID,BRIGIDUS,BEE,BEESY,BIDY,BRIDGID,BRIDGETT,BRIDGT,BRIGET,BRGT,BRIDE,BRIDT,BRIDGIT,BRIGIT,BRIGT,BID,BRIGD,BRIDIE,BRIG,BRIGIDA,BIRDGET,DELIA,BIDELIA,BEDELIA,BEDILIA,BRIDEY,BRIE
CAROLINA	CARRIE,CARRY
CAROLINE	CAROLINA,LENA,CARRIE,CARRY
CATHERINE	CATH,CATHE,CATHY,CATHARINE,CATHIE,KATHERINE,KATHE,KATH,KATHY,KATE,KATIE,KATEY,KAY,KITTY,KATHERINA,KATHARINA,CATHERINA,CATHARINA,TRINA
CHARLES	CHARLIE,CHAS,CHARLEY,CATHAL,CAROLUS,CARLOS,CARLO,LES
CHARLOTTE	CAROL,CAROLA,LOTTIE,LOT,CARRIE,CARRY
CHRISTINA	TINA
CHRISTINE	CHRISTINA,CHRISTIANA
CHRISTOPHER	CHRIS,CHRISTY,CHRISTOPHERUS,CHRISTOPHERI,CHRISTOPHERO
CINTHIA	CINDY,CINDIE
CLEMENT	CLEM,CLEMT,CLEMENTINE
CONOR	CONNOR
CONSTANTINE	CONSTANCE,CONSTANT,CONSTANTIA
CORDELIA	DELL,DELLA,DELLY,DELIA
CORMACK	CORMAC,CORMICK
CORNELIUS	CON,CONNS,CORNS,CONNY,CORNL,CORNLS,CORNY,CONNIE,CORNELIOUS,CORNELUIS,CORN,CORNEILUS,CORNEILIUS,CORNILIUS
CYNTHIA	CINDY,CINDIE
DANIEL	DAN,DANL,DANNY,DÓNAL,DANIELIS,DANIELI
DARBY	DERMOT,DERMOTT,DEMETRIUS,DIARMUID
DAVID	DAVY,DAVE,DAVIDUS,DAVD,DVD
DEANNA	DEE
DEANNE	DEE
DEBORAH	DEBORA,DEBBIE,DEBBY,DEBRA,DEB
DELIVERANCE	DELL,DELLA,DELLY
DELORES	DELL,DELLA,DELLY
DENIS	DENNIS,DEN,DENNY,DNS,DIN,DINNY,DONNACHA,DIONISIUS,DIONISII,DYONISIUS,DYONISII
DENISE	DEE
DIANA	DI,DINA
DOMINICK	DOMINIC,DOMNICK,DOM,DOMINICUS,DOMINIK
DOROTHY	DOT,DOR,DORIS,DOTTY,DORA,DORAH,DORCUS,DARKY,DODE,DODY,DOTTIE
EDGAR	ED,EDDIE,EDDY
EDMUND	EDMD,EDMOND,EAMON,EAMONN,EDMUNDUS,EDMUNDI,EDMUNDO,ED,EDDIE,EDDY
EDWARD	EDW,NED,NEDDY,ED,EDDY,EDWARDUS,EDUARDUS,EDWARDI,EDWARDO,EDDIE,TED,TEDDY
ELEANOR	NORA,NELL,NELLIE,NELLY,ELLA,ELLIE
ELENORA	NELL,NELLIE,NELLY,ELLA,ELLIE,NORA
ELISABETH	BESS,BESSIE,BESSY,BETH,BETTE,BETTIE,BETTIE,BETSY,BETSEY,BITSY,ELIZA,LISA,LISE,LIZ,LIZZIE
ELIZABETH	ELIZA,ELISABETH,BETH,BETTY,BES,BESS,BESSIE,BETSY,LIZ,LIZZIE,LIZZY,LIZA,ELIZ,LIZABETH,LISA,ELIZABETHA,EILISH,ELISA,ELIZ,ELIZTH,BETY,BESSY,BESSEY,LISA,LISE,BESS,BESSIE,BESSY,BETH,BETTE,BETTIE,BETTIE,BETSY,BETSEY,BITSY,BELL,BELLA,BELLE
ELLEN	ELEONOR,ELEANOR,ELEANORA,ELENOR,EILEEN,NELL,NELLY,NELLIE,HELEN,HELENA,HELLENA,ELEONORA,ELENORA,ELLEN,ELEANOR,ELEONORA,ELEABORA,ELENORA,ELLENORA,ELENOR,ELEANOR,ELEONOR,ELINOR,ELANOR,ELLEANOR,ELLENOR,ELLINOR,ELLIE,ELLY,ELLEANORA,ELLEONORA,HELEN,HELENA,HELLEN,HELLENA,LEAN,LEANA,ELEN,ELENA,ELLENA,EILEEN,ELLIN,ELLON,NELL,NELLIE,NELLY
EMALINE	ERMA
EMILY	ERMA
ESTHER	ESTER,ESSY,ETTY,EASTER,HESTER,HESTHER,HETTY,ESSIE,HESSIE,HESSY,HETTIE
EUDORA	DORA
EUGENIA	GENIE
EUPHEMIA	EFFIE,EFFY
EVELYN	EVELEEN,EVELIN,EFFIE,EFFY
FANNY	FANNIE,FANNEY,FANY
FARREL	FARRELL
FELICITY	FELICITAS
FERGUS	FERGIE
FINTAN	FINTON
FLORENCE	FLO,FLOR,FLORRY,FLORRIE,FLORENTIA
FRANCES	FANNIE,FANNY,FRANKIE,FRAN,FRANNY,FRANCIE,FANNY,FRANCESCA
FRANCIS	FRANK,FRANKIE,FRANCY,FRANCISCUS,FRANKIE
FRANKLIN	FRANKIE
FREDERICK	FRED,FREDRICK,FREDDIE,FREDK,ALFRED,ALFREDUS,FREDERICUS,FREDERICO
GEOFFREY	JEFFREY,GEOFFRY,JEFF,GEOFF
GEORGE	GEO,GEORGIE,GEORGII,GEORGIUS,GEORGIO
GERALD	GERARD,GERRARD,GERRY,GER,GARRET,GARRETT,GARY
GILLIAN	GILL,JILL,GILLON.
HAROLD	HAL
HARRIET	HATTIE
HARRIETT	HATTIE
HELEN	NELL,NELLIE,NELLY
HELENA	NELL,NELLIE,NELLY,LENA
HENRIETTA	HETTIE
HENRY	HARRY,HENERY,HEN,HENRICUS,HENRID,HANK,HAL
HESTER	HETTIE
HONORA	HONOR,HONORIA,ONNY,HONORAH,HANARA,HANORAH,NORA,NORAH,NORRIE,NORRY,NONIE,HON
HONORIA	NORA
HUGH	OWEN,EUGENE,HUGO,HU,EUGENIUS,GENE,EOGHAN,HUGONIS,EUGENI,HUGONI,EUG,OWIN,OWN,OWNE,OWNY,OIN
ISAAC	ISSAC
ISABEL	BELL,BELLA,BELLE
ISABELLA	ISABEL,ISABELL,ISABELLE,BELL,BELLA,BELLE
JACQUELINE	JACKIE
JAMES	JAS,JACOB,JACOBUS,JAMS,JIM,JACOBI,SÉAMUS,JACOBUM,JIMMY,JAMIE,JACOBO
JAMESON	JAMIE
JANE	JENNY
JANET	JENNY
JANETTE	JANETT,JEANETTE,JENNETT,JANET
JEAN	JEANE,JEANIE,JEANNIE,JEANNE
JEANETTE	JENNY
JENNETT	JENNY
JENNIE	JENNY,JENNIFER
JEREMIAH	DARBY,JERRY,JEROME,JER,JEREMY,DERBY
JOHN	JNO,JACK,JN,SHANE,JOANNES,JOANNIS,SEAN,JOHNNY,JOH,JOHANNES,JOHNIE,JOCK
JOSEPH	JOE,JOS,JOSEPHUS,JOSPH,JOSEPHI
JULIA	JUDITH,JUDY,JUDE,JULIE,GILLIAN,GILL,GUDITH,JILLIAN,JILL,JULIANNA,JULIAN,
JULIAN	JULIUS,JULES
KATHERINE	KATE,KATY,KATIE,KAY,KIT,KITTY,KITTIE,TRINA
KIERAN	KIERAN,KYRAN,KEIRAN,KIRAN,CIARAN,KERAN
LANCELOT	LOT,LANCE,LOTTY,LANT
LAURENCE	LAURENCE,LAWRENCE,LAURANCE,LARRY,LAWERENCE,LAURENTIUS,LAUR,LCE,LAR,LAWR
LETITIA	LETTY,LETICIA,LATITIA,LETICIA,LETITA,LITITIA
LILY	LILLIE,LILLY
LOUISA	LOUISE
LUCINDA	CINDY,CINDIE,LUCY
LUCY	LUCIA,LUCILLE
LUKE	LUCAS
MABEL	BELLE
MAGDALENA	LENA
MALACHY	MAL,MALIK,MALIC,MALICK,MALACHI
MARGARET	MADGE,MAGGIE,MIDGE,MEG,MEGAN,PEG,PEGGY,DAISY,MGT,MAG,MARGT,MAGS,MARGUERITA,MARGARITA,GRETA
MARGARETHA	GRETA
MARK	MK,MARC,MARCUS,MARCO
MARTHA	MARTY,MARTIE,MATTIE,PAT,PATSY,PATTY,PATTIE
MARTIN	MARTIN,MTN,MART,MARTINUS,MARTEN,MARTY,MT,MARTINI
MARY	MOLL,MAMIE,MARY,MARIA,MINNIE,MAY,MARIE,MOLLY,MARIAE,MAUREEN,MOLLIE,MAIRE,MRY,MAI,MY,MAY,POLLY,POLLIE
MATHILDA	TILLIE
MATILDA	TILLIE
MATTHEW	MATHEW,MATT,MAT,MATHIAS,MATTY,MATTHIAS,MATH,MATHW,MATW,MATTW,MATHEUS
MAURICE	MAURICE,MORRIS,MORIS,MORICE,MORRICE,MAURITIUS,MAURITIO
MICHAEL	MICHL,MICHEAL,MICK,MICH,MICHAL,MICAHEL,MICHAELIS,MIKE,MIKEY,MIC,MCHL,MICHEL,MICL,ML,MICH’L,MI
MILDRED	MILLIE,MILLY
MINNIE	JEMIMA,MINA,GEMIMA,GEMINA
MIRABEL	BELL,BELLA,BELLE
MORTIMER	MORTY,MORT
MOSES	MOGUE,AIDAN,EDANUS
MURTAGH	MURTHA,MURTY,MURT
MYLES	MILES,MILO,MILEY,MYLO,MILESIUS
NANCY	NANCEY,NAN,NANCE
NATHANIEL	NATHAN,NATHANIAL,NATHANAEL,NATHL,NAT,NATH
NEAL	NEIL,NEILL,NEALE,NAIL,NIEL,NEILE
NICHOLAS	NICOLAUS,NICK,NICOLAS,NICH,NIC,NICS,NICHS,NICHL,NICHOLI,NICHOLAUS
OLIVE	OLLIE
OLIVER	OLLIE
OLIVIA	OLIVE,OLLIE
PATIENCE	PAT,PATSY,PATTY,PATTIE
PATRICIA	PATRICA,PATSY,POLLY,PAT,PATTY,PATTIE
PATRICK	PAT,PATT,PATK,PADDY,PAT’K,PATRITIUS,PATR,PATRITII,PATRICIUS,PADRAIG,PACKIE,PATRICI,PATRITIO,PATRICK,PAT,PATT,PATK,PADDY,PAT’K,PATRITIUS,PATR,PARTICK,PATRITII,PATRICIUS,PARICK,PATICK,PATIRCK,PATRITIUM,PATRICII,PATRCIK,PK,PATTRICK,PATRK,PATRITIO,PADRAIG,PTRICK,PATRCK,PATARICK
PAULA	POLLY,POLLIE
PAULINA	LENA
PENELOPE	NAPPY,PENNY,PEN
PERCY	PERCIVAL
PETER	PETRUS,PETTER,PETR,PETE,PETRI,PETRO
PHILIP	PHILLIP,PHIL,PHILL,PHILIPP,PHILIPPI,PHILLIPP,PHILP,PHILIPPUS
PHILOMENA	MENA,PHILLY,
PHOEBE	PHEBE,PHEOBE,PHEBY
PIERCE	PIERSE,PEIRCE,PEARCE,PEARSE
PRISCILLA	PRICILLA
PRUDENCE	PRUDENTIA
RACHEL	RACHAEL,RACHEAL,RACHAL,RACHELL
RALPH,	RAPHAEL,RAPHEL
RANDAL	RANDALL,RANDLE
REBECCA	REBECA,REBECKA,REBEKAH,REBBECA,REBEECA,REBBECCA,BECK,BECKY
REDMOND	REDMUND
RICHARD	RICHY,RICHD,DICK,RICH,RICH’D,RICD,RICKARD,RIC’D,RICARDI,RICK,RICARDUS
ROBERT	BOB,BOBBY,DOBBIN,DOBBY,DOB,ROBT,ROB,BOB,ROBBERT,ROB’T,ROBERTI,ROBERTUS,BOBBY,ROBERTO,ROBBY
ROBIN,ROBBIE
ROBERTA	ROB,ROBBIE,ROBBY,BIRD,BIRDIE,ROBIN,BOBBI,BOBBIE
ROGER	RODGER,RODERICK,RODY,RODDY,RODRICK,ROGERIUS
ROLAND	ROWLAND
RONALD	RON,RONNIE
ROSABEL	BELL,BELLA,BELLE
ROSE	ROSE ANNE,ROSANNA,ROSEANNE,ROSANNE,ROSA,ROSY,ROSEANNA,ROSEY,ROSANN,ROSANA,ROSAN,ROSIE
ROSINA	ROSENA
SABINA	SABRINA
SAMANTHA	SAM,SAMMY,SAMMIE
SAMSON	SAM,SAMMY,SAMMIE
SAMUEL	SAML,SAM,SAMUAL,SAMUELL,SAMMUEL,SAMMY,SAM,SAMMY,SAMMIE
SARAH	SARAH,SARA,SALLY,SARAGH,SERAH,SERA,SERAGH,SADIE,SAR,SARRAH,SALY,SALLEY,SAL,SADIE,SALLY,SALLIE
SELENA	LENA
SELINA	SELENA
SHANE	SHAN
SHEILA	SHEELAH,SHELA,SHELAH,SHIELA
SHERIDAN	DAN,DANNY
SIBBY	SIBINA,SEBINA,SIBY
SIDNEY	SYDNEY
SIMON	SIMEON,SYMON
SOLOMON	SOLOMAN
SOPHIA	SOPHIE,SOPHY
STEPHEN	STEPHAN,STEVEN,STEPH,STEPHIN,STEVE,STEPHANI
STEWARD	STUART,STEWART
SUSAN	SUE,SUSY,SUSIE,SUZIE,SUSANNA,SUZANNE,SUKIE,SUCHIE,SUCHY
SUSANNA	SUKIE,SUCHIE,SUCHY
SUSANNAH	SUKIE,SUCHIE,SUCHY
SYBIL	BELLE
SYLVESTER	SILVESTER,SYLVESTOR,VESTY,SILVESTOR
TEAGUE	TEIGE,TAGUE,TADHG,TADGH
TEMPERANCE	TILLY
TERENCE	TERRENCE,TERRY,TERRANCE,TERANCE,TER,TERRE,TERRINS,TERENTIUS
TERESA	THERESA,TERESSA,TESSIE,TERESIA,TREASA,TESS,THERESE,TESSY,TERESE,TERRY,TESS,TESSIE,TESSA,TRACY
THADY	THADDEUS,THADEUS,THADIUS,THADDY,THEADY,THADE
THEODORA	DORA
THEODORE	DODE,DODY,TAD,TED,TEDDY,THEO
THERESA	TERRY,TESS,TESSIE,TESSA,TRACY
THOMAS	TOM,TOMMY,THOS,THOMAS,THOMA,THOMAE
THOMASINE	THOMASINA
TIMOTHY	TIM,TIMY,TIMOTHEY,TIMMOTHY,TIMMY,TIMOTHEUS
TOBIAS	TOBY
VALENTINE	VAL
VERONICA	VERA,VERE,RONNIE
VIOLET	VIOLA
VIRGINIA	GINGER,GINNY,VIRGIE,JENNY
WALTER	WALTAR,WALLY,WALT,WATT,WALTERUS,WALTERI,WALTERO,GUALTERUS,GUALTERO,GUALTERI
WILLIAM	WM,WILLM,WILLIE,WILIAM,WILLAIM,WILL,WILLLIAM,BILLY,WILLAM,WILM,BILL,WILL’M,LIAM,GULIELMUS,WILLY,GULIELMI,WILLILAM
WINEFRED	WINNIE
WINIFRED	WINNY,WINEFRED,WINNIFRED,WINNIE,WINFRED,WINIFRID,WINEFRIDE,WINIFREDA,WINEY,WINNEFRED,WIN,WENEFRED,WINIFRIDE,WINI,WINFRID,WINEFREDA
ZACHARIAH	ZACHARY,ZACHARIA